INSERT INTO RAP VALUES (N'MR01',N'RAP 1',N'THỦ ĐỨC',N'0910000001',N'5',500);
INSERT INTO RAP VALUES (N'MR02',N'RAP 2',N'QUẬN 1',N'0910000012',N'4',400);
INSERT INTO RAP VALUES (N'MR03',N'RAP 3',N'QUẬN 4',N'0910000367',N'3',300);
INSERT INTO RAP VALUES (N'MR04',N'RAP 4',N'THỦ ĐỨC',N'0910007890',N'5',500);
INSERT INTO RAP VALUES (N'MR05',N'RAP 5',N'QUẬN 3',N'0910074832',N'8',800);
INSERT INTO RAP VALUES (N'MR06',N'RAP 6',N'BÌNH DƯƠNG',N'0912579121',N'5',550);
GO

INSERT INTO GioChieu VALUES (N'GC101','MR01',3)
INSERT INTO GioChieu VALUES (N'GC102','MR01',4)
INSERT INTO GioChieu VALUES (N'GC201','MR02',2)
INSERT INTO GioChieu VALUES (N'GC202','MR02',1)
INSERT INTO GioChieu VALUES (N'GC301','MR03',2)
INSERT INTO GioChieu VALUES (N'GC302','MR03',3)
INSERT INTO GioChieu VALUES (N'GC401','MR04',3)
INSERT INTO GioChieu VALUES (N'GC402','MR04',2)
INSERT INTO GioChieu VALUES (N'GC501','MR05',1)
INSERT INTO GioChieu VALUES (N'GC601','MR06',2)

GO

INSERT INTO PhongChieu VALUES (N'PC101',N'MR01',N'Phong 1',120)
INSERT INTO PhongChieu VALUES (N'PC102',N'MR01',N'Phong 2',100)
INSERT INTO PhongChieu VALUES (N'PC103',N'MR01',N'Phong 3',120)
INSERT INTO PhongChieu VALUES (N'PC104',N'MR01',N'Phong 4',80)
INSERT INTO PhongChieu VALUES (N'PC105',N'MR01',N'Phong 5',80)
INSERT INTO PhongChieu VALUES (N'PC201',N'MR02',N'Phong 1',150)
INSERT INTO PhongChieu VALUES (N'PC202',N'MR02',N'Phong 2',90)
INSERT INTO PhongChieu VALUES (N'PC203',N'MR02',N'Phong 3',80)
INSERT INTO PhongChieu VALUES (N'PC204',N'MR02',N'Phong 4',80)
INSERT INTO PhongChieu VALUES (N'PC301',N'MR03',N'Phong 1',100)
INSERT INTO PhongChieu VALUES (N'PC302',N'MR03',N'Phong 2',90)
INSERT INTO PhongChieu VALUES (N'PC302',N'MR03',N'Phong 3',110)
INSERT INTO PhongChieu VALUES (N'PC401',N'MR04',N'Phong 1',100)
INSERT INTO PhongChieu VALUES (N'PC402',N'MR04',N'Phong 2',120)
INSERT INTO PhongChieu VALUES (N'PC403',N'MR04',N'Phong 3',70)
INSERT INTO PhongChieu VALUES (N'PC404',N'MR04',N'Phong 4',90)
INSERT INTO PhongChieu VALUES (N'PC405',N'MR04',N'Phong 5',120)
INSERT INTO PhongChieu VALUES (N'PC501',N'MR05',N'Phong 1',120)
INSERT INTO PhongChieu VALUES (N'PC601',N'MR06',N'Phong 1',150)
GO

INSERT INTO Ve VALUES (N'V010101',N'MR01',N'PC101',N'MG01',N'MLC01',N'DANG CHIEU')
INSERT INTO Ve VALUES (N'V010102',N'MR01',N'PC101',N'MG02',N'MLC01',N'DANG CHIEU')
INSERT INTO Ve VALUES (N'V010103',N'MR01',N'PC101',N'MG03',N'MLC01',N'DANG CHIEU')
INSERT INTO Ve VALUES (N'V020101',N'MR02',N'PC201',N'MG01',N'MLC01',N'DANG CHIEU')
INSERT INTO Ve VALUES (N'V020201',N'MR02',N'PC202',N'MG01',N'MLC01',N'CHUA CHIEU')
INSERT INTO Ve VALUES (N'V020202',N'MR02',N'PC202',N'MG02',N'MLC01',N'CHUA CHIEU')
INSERT INTO Ve VALUES (N'V030101',N'MR03',N'PC301',N'MG01',N'MLC02',N'CHUA CHIEU')
INSERT INTO Ve VALUES (N'V030102',N'MR03',N'PC301',N'MG02',N'MLC02',N'CHUA CHIEU')
INSERT INTO Ve VALUES (N'V030201',N'MR03',N'PC302',N'MG01',N'MLC03',N'DA CHIEU')
INSERT INTO Ve VALUES (N'V030202',N'MR03',N'PC302',N'MG02',N'MLC03',N'DA CHIEU')
GO
